<project name="Axiom">
    <bannerLeft>
        <name>Apache Axiom</name>
        <src>http://ws.apache.org/images/project-logo.jpg</src>
        <href>http://ws.apache.org/</href>
    </bannerLeft>
    <body>
        <links>
            <item name="Apache" href="http://www.apache.org/"/>
            <item name="WebServices" href="http://ws.apache.org/"/>
            <item name="Commons" href="http://ws.apache.org/commons/"/>
            <item name="Axiom" href="http://ws.apache.org/commons/axiom/index.html"/>
        </links>

        <menu name="AXIOM">
            <item name="About" href="index.html"/>
            <item name="Downloads">
                <item name="Releases" href="download.cgi"/>
                <item name="Source Code" href="source-repository.html"/>
            </item>
            <item name="Documentation">
                <item name="OM Tutorial" href="OMTutorial.html"/>
                <item name="Javadocs" href="/apidocs/index.html"/>
                <item name="View Source" href="http://svn.apache.org/viewvc/webservices/commons/trunk/modules/axiom/?root=Apache-SVN"/>
            </item>
            <item name="Project Information">
                <item name="Mailing Lists" href="/mail-lists.html"/>
                <item name="Project Team" href="/team-list.html"/>
                <item name="Issue Tracking" href="issue-tracking.html"/>
            </item>
            <item name="License" href="/license.html"/>
        </menu>
    </body>
</project>
