<document>
  <properties>
    <title>Changes in Apache Axiom</title>
  </properties>
  <body>
    <release version="1.3" date="Not yet released">
      <action dev="jochen" type="fix" issue="WSCOMMONS-127"
          due-to="Tim Putnam" due-to-email="t.putnam@reading.ac.uk">
        The factory methods of StAXUtils didn't work with
        Java 6.
      </action>
      <action dev="jochen" type="fix">
        The method StAXUtils.reset() wasn't synchronized and the
        factory pool had no upper limit. 
      </action>
    </release>
    <release version="1.1" date="Not yet released">
      <action dev="jochen" type="add">
        Added support for Maven 2 as the build system.
      </action>
    </release>
    <release version="1.0" date="02-Max-2006">
    </release>
  </body>
</document>
