<assembly>
  <id>bin</id>
  <formats>
    <format>tar.gz</format>
  </formats>
  <includeSiteDirectory>true</includeSiteDirectory>
  <fileSets>
    <fileSet>
      <includes>
		<include>LICENSE.txt</include>
        <include>NOTICE.txt</include>
        <include>legal/**/*</include>
      </includes>
    </fileSet>
    <fileSet>
      <directory>modules/axiom-api/target</directory>
      <outputDirectory>/lib</outputDirectory>
      <includes>
        <include>*.jar</include>
      </includes>
    </fileSet>
    <fileSet>
      <directory>modules/axiom-impl/target</directory>
      <outputDirectory>/lib</outputDirectory>
      <includes>
        <include>*.jar</include>
      </includes>
    </fileSet>
    <fileSet>
      <directory>modules/axiom-dom/target</directory>
      <outputDirectory>/lib</outputDirectory>
      <includes>
        <include>*.jar</include>
      </includes>
    </fileSet>
  </fileSets>
</assembly>
