<?xml version="1.0" encoding="ISO-8859-1"?>

<document>
    <properties>
        <title>:: Apache AXIOM Releases ::</title>
    </properties>

    <head>
        <meta http-equiv="content-type" content="text/html; charset=iso-8859-1"/>
        <meta content="text/html; charset=iso-8859-1"/>
    </head>

    <body>

        <section>
            <h2>Releases</h2>
            <div align="left">
                <p>AXIOM is becoming more and more stable and the latest official version available for download is
                    AXIOM 1.2.4 .  All the releases are available for download as source or binary. For more information,
                    please see
                    <a href="http://www.apache.org/dev/release.html">Apache Release FAQ</a>
                </p>
                <p>Please select the AXIOM version you want to download.</p>
            </div>
            <div align="center">

                <table class="bodyTable">
                    <tbody>
                        <tr class="a">
                            <td align="center" width="45">Name</td>
                            <td align="center" width="80">Type</td>
                            <td align="center" width="300">Distribution</td>
                            <td align="center" width="100">Date</td>
                            <td align="center" width="200">Description</td>
                        </tr>
		
		<tr class="b">
                            <td align="center" valign="middle">
                                <a name="1_2_4"></a>
                                1.2.5
                            </td>
                            <td align="center">Release</td>
                            <td>Source Distribution
                                <a href="[preferred]/ws/commons/axiom/1_2_5/axiom-1.2.5-src.zip"
                                   title="[preferred]/ws/commons/axiom/1_2_5/axiom-1.2.5-src.zip">zip</a>

                                <a href="http://www.apache.org/dist/ws/commons/axiom/1_2_5/axiom-1.2.5-src.zip.md5"
                                   class="externalLink"
                                   title="http://www.apache.org/dist/ws/commons/axiom/1_2_5/axiom-1.2.5-src.zip.md5">MD5</a>
                                <a href="http://www.apache.org/dist/ws/commons/axiom/1_2_5/axiom-1.2.5-src.zip.asc"
                                   class="externalLink"
                                   title="http://www.apache.org/dist/ws/commons/axiom/1_2_5/axiom-1.2.5-src.zip.asc">PGP</a>
                                <br/>
                                Binary Distribution
                                <a href="[preferred]/ws/commons/axiom/1_2_5/axiom-1.2.5-bin.zip"
                                   title="[preferred]/ws/commons/axiom/1_2_5/axiom-1.2.5-bin.zip">zip</a>
                                <a href="http://www.apache.org/dist/ws/commons/axiom/1_2_5/axiom-1.2.5-bin.zip.md5"
                                   class="externalLink"
                                   title="http://www.apache.org/dist/ws/commons/axiom/1_2_5/axiom-1.2.5-bin.zip.md5">MD5</a>
                                <a href="http://www.apache.org/dist/ws/commons/axiom/1_2_5/axiom-1.2.5-bin.zip.asc"
                                   class="externalLink"
                                   title="http://www.apache.org/dist/ws/ws/commons/axiom/1_2_5/axiom-1.2.5-bin.zip.asc">
                                    PGP</a>

                                <br/>
                            </td>
                            <td>05 - 07 - 2007</td>
                            <td>1.2.5 Release (Mirrored)</td>
                        </tr>

                 <tr class="b">
                            <td align="center" valign="middle">
                                <a name="1_2_4"></a>
                                1.2.4
                            </td>
                            <td align="center">Release</td>
                            <td>Source Distribution
                                <a href="http://archive.apache.org/dist/ws/commons/axiom/1_2_4/axiom-1.2.4-src.zip"
                                   title="http://archive.apache.org/dist/ws/commons/axiom/1_2_4/axiom-1.2.4-src.zip">zip</a>

                                <a href="http://archive.apache.org/dist/ws/commons/axiom/1_2_4/axiom-1.2.4-src.zip.md5"
                                   class="externalLink"
                                   title="http://archive.apache.org/dist/ws/commons/axiom/1_2_4/axiom-1.2.4-src.zip.md5">MD5</a>
                                <a href="http://archive.apache.org/dist/ws/commons/axiom/1_2_4/axiom-1.2.4-src.zip.asc"
                                   class="externalLink"
                                   title="http://archive.apache.org/dist/ws/commons/axiom/1_2_4/axiom-1.2.4-src.zip.asc">PGP</a>
                                <br/>
                                Binary Distribution
                                <a href="http://archive.apache.org/dist/ws/commons/axiom/1_2_4/axiom-1.2.4-bin.zip"
                                   title="http://archive.apache.org/dist/ws/commons/axiom/1_2_4/axiom-1.2.4-bin.zip">zip</a>
                                <a href="http://archive.apache.org/dist/ws/commons/axiom/1_2_4/axiom-1.2.4-bin.zip.md5"
                                   class="externalLink"
                                   title="http://archive.apache.org/dist/ws/commons/axiom/1_2_4/axiom-1.2.4-bin.zip.md5">MD5</a>
                                <a href="http://archive.apache.org/dist/ws/commons/axiom/1_2_4/axiom-1.2.4-bin.zip.asc"
                                   class="externalLink"
                                   title="http://archive.apache.org/dist/ws/commons/axiom/1_2_4/axiom-1.2.4-bin.zip.asc">
                                    PGP</a>

                                <br/>
                            </td>
                            <td>20 - 04 - 2007</td>
                            <td>1.2.4 Release (Archived)</td>
                        </tr>


                <tr class="b">
                            <td align="center" valign="middle">
                                <a name="1_2_3"></a>
                                1.2.3
                            </td>
                            <td align="center">Release</td>
                            <td>Source Distribution
                                <a href="[preferred]/ws/commons/axiom/1_2_3/axiom-1.2.3-src.zip"
                                   title="[preferred]/ws/commons/axiom/1_2_3/axiom-1.2.3-src.zip">zip</a>

                                <a href="http://www.apache.org/dist/ws/commons/axiom/1_2_3/axiom-1.2.3-src.zip.md5"
                                   class="externalLink"
                                   title="http://www.apache.org/dist/ws/commons/axiom/1_2_3/axiom-1.2.3-src.zip.md5">MD5</a>
                                <a href="http://www.apache.org/dist/ws/commons/axiom/1_2_3/axiom-1.2.3-src.zip.asc"
                                   class="externalLink"
                                   title="http://www.apache.org/dist/ws/commons/axiom/1_2_3/axiom-1.2.3-src.zip.asc">PGP</a>
                                <br/>
                                Binary Distribution
                                <a href="[preferred]/ws/commons/axiom/1_2_3/axiom-1.2.3-bin.zip"
                                   title="[preferred]/ws/commons/axiom/1_2_3/axiom-1.2.3-bin.zip">zip</a>
                                <a href="http://www.apache.org/dist/ws/commons/axiom/1_2_3/axiom-1.2.3-bin.zip.md5"
                                   class="externalLink"
                                   title="http://www.apache.org/dist/ws/commons/axiom/1_2_3/axiom-1.2.3-bin.zip.md5">MD5</a>
                                <a href="http://www.apache.org/dist/ws/commons/axiom/1_2_3/axiom-1.2.3-bin.zip.asc"
                                   class="externalLink"
                                   title="http://www.apache.org/dist/ws/ws/commons/axiom/1_2_3/axiom-1.2.3-bin.zip.asc">
                                    PGP</a>

                                <br/>
                            </td>
                            <td>03 - 04 - 2007</td>
                            <td>1.2.3 Release (Archived)</td>
                        </tr>

                <tr class="b">
                            <td align="center" valign="middle">
                                <a name="1_2_2"></a>
                                1.2.1
                            </td>
                            <td align="center">Release</td>
                            <td>Source Distribution
                                <a href="[preferred]/ws/commons/axiom/1_2_2/axiom-1.2.2-src.zip"
                                   title="[preferred]/ws/commons/axiom/1_2_2/axiom-1.2.2-src.zip">zip</a>

                                <a href="http://www.apache.org/dist/ws/commons/axiom/1_2_2/axiom-1.2.2-src.zip.md5"
                                   class="externalLink"
                                   title="http://www.apache.org/dist/ws/commons/axiom/1_2_2/axiom-1.2.1-src.zip.md5">MD5</a>
                                <a href="http://www.apache.org/dist/ws/commons/axiom/1_2_2/axiom-1.2.1-src.zip.asc"
                                   class="externalLink"
                                   title="http://www.apache.org/dist/ws/commons/axiom/1_2_2/axiom-1.2.1-src.zip.asc">PGP</a>
                                <br/>
                                Binary Distribution
                                <a href="[preferred]/ws/commons/axiom/1_2_2/axiom-1.2.2-bin.zip"
                                   title="[preferred]/ws/commons/axiom/1_2_2/axiom-1.2.2-bin.zip">zip</a>
                                <a href="http://www.apache.org/dist/ws/commons/axiom/1_2_2/axiom-1.2.2-bin.zip.md5"
                                   class="externalLink"
                                   title="http://www.apache.org/dist/ws/commons/axiom/1_2_2/axiom-1.2.2-bin.zip.md5">MD5</a>
                                <a href="http://www.apache.org/dist/ws/commons/axiom/1_2_2/axiom-1.2.2-bin.zip.asc"
                                   class="externalLink"
                                   title="http://www.apache.org/dist/ws/ws/commons/axiom/1_2_2/axiom-1.2.2-bin.zip.asc">
                                    PGP</a>

                                <br/>
                            </td>
                            <td>09 - 01 - 2001</td>
                            <td>1.2.2 Release (Archived)</td>
                        </tr>

			
			<tr class="b">
                            <td align="center" valign="middle">
                                <a name="1_2_1"></a>
                                1.2.1
                            </td>
                            <td align="center">Release</td>
                            <td>Source Distribution
                                <a href="[preferred]/ws/commons/axiom/1_2_1/axiom-1.2.1-src.zip"
                                   title="[preferred]/ws/commons/axiom/1_2_1/axiom-1.2.1-src.zip">zip</a>

                                <a href="http://www.apache.org/dist/ws/commons/axiom/1_2_1/axiom-1.2.1-src.zip.md5"
                                   class="externalLink"
                                   title="http://www.apache.org/dist/ws/commons/axiom/1_2_1/axiom-1.2.1-src.zip.md5">MD5</a>
                                <a href="http://www.apache.org/dist/ws/commons/axiom/1_2_1/axiom-1.2.1-src.zip.asc"
                                   class="externalLink"
                                   title="http://www.apache.org/dist/ws/commons/axiom/1_2_1/axiom-1.2.1-src.zip.asc">PGP</a>
                                <br/>
                                Binary Distribution
                                <a href="[preferred]/ws/commons/axiom/1_2_1/axiom-1.2.1-bin.zip"
                                   title="[preferred]/ws/commons/axiom/1_2_1/axiom-1.2.1-bin.zip">zip</a>
                                <a href="http://www.apache.org/dist/ws/commons/axiom/1_2_1/axiom-1.2.1-bin.zip.md5"
                                   class="externalLink"
                                   title="http://www.apache.org/dist/ws/commons/axiom/1_2_1/axiom-1.2.1-bin.zip.md5">MD5</a>
                                <a href="http://www.apache.org/dist/ws/commons/axiom/1_2_1/axiom-1.2.1-bin.zip.asc"
                                   class="externalLink"
                                   title="http://www.apache.org/dist/ws/ws/commons/axiom/1_2_1/axiom-1.2.1-bin.zip.asc">
                                    PGP</a>

                                <br/>
                            </td>
                            <td>30 - 11 - 2006</td>
                            <td>1.2.1 Release (Archived)</td>
                        </tr>


                        <tr class="b">
                            <td align="center" valign="middle">
                                <a name="1_2"></a>
                                1.2
                            </td>
                            <td align="center">Release</td>
                            <td>Source Distribution
                                <a href="http://archive.apache.org/dist/ws/commons/axiom/1_2/axiom-1.2-src.zip"
                                   title="http://archive.apache.org/dist/ws/commons/axiom/1_2/axiom-1.2-src.zip">zip</a>

                                <a href="http://archive.apache.org/dist/ws/commons/axiom/1_2/axiom-1.2-src.zip.md5"
                                   class="externalLink"
                                   title="http://archive.apache.org/dist/ws/commons/axiom/1_2/axiom-1.2-src.zip.md5">MD5</a>
                                <a href="http://archive.apache.org/dist/ws/commons/axiom/1_2/axiom-1.2-src.zip.asc"
                                   class="externalLink"
                                   title="http://archive.apache.org/dist/ws/commons/axiom/1_2/axiom-1.2-src.zip.asc">PGP</a>
                                <br/>
                                Binary Distribution
                                <a href="http://archive.apache.org/dist/ws/commons/axiom/1_2/axiom-1.2-bin.zip"
                                   title="http://archive.apache.org/dist/ws/commons/axiom/1_2/axiom-1.2-bin.zip">zip</a>
                                <a href="http://archive.apache.org/dist/ws/commons/axiom/1_2/axiom-1.2-bin.zip.md5"
                                   class="externalLink"
                                   title="http://archive.apache.org/dist/ws/commons/axiom/1_2/axiom-1.2-bin.zip.md5">MD5</a>
                                <a href="http://archive.apache.org/dist/ws/commons/axiom/1_2/axiom-1.2-bin.zip.asc"
                                   class="externalLink"
                                   title="http://archive.apache.org/dist/ws/commons/axiom/1_2/axiom-1.2-bin.zip.asc">
                                    PGP</a>

                                <br/>
                            </td>
                            <td>13 - 11 - 2006</td>
                            <td>1.2 Release (Archived)</td>
                        </tr>

                        <tr class="b">
                            <td align="center" valign="middle">
                                <a name="09"></a>
                                1.1.1
                            </td>
                            <td align="center">Release</td>
                            <td>Source Distribution
                                <a href="http://archive.apache.org/dist/ws/commons/axiom/1_1_1/axiom-1.1.1-src.zip"
                                   title="http://archive.apache.org/dist/ws/commons/axiom/1_1_1/axiom-1.1.1-src.zip">zip</a>

                                <a href="http://archive.apache.org/dist/ws/commons/axiom/1_1_1/axiom-1.1.1-src.zip.md5"
                                   class="externalLink"
                                   title="http://archive.apache.org/dist/ws/commons/axiom/1_1_1/axiom-1.1.1-src.zip.md5">MD5</a>
                                <a href="http://archive.apache.org/dist/ws/commons/axiom/1_1_1/axiom-1.1.1-src.zip.asc"
                                   class="externalLink"
                                   title="http://archive.apache.org/dist/ws/commons/axiom/1_1_1/axiom-1.1.1-src.zip.asc">PGP</a>
                                <br/>
                                Binary Distribution
                                <a href="http://archive.apache.org/dist/ws/commons/axiom/1_1_1/axiom-1.1.1-bin.zip"
                                   title="http://archive.apache.org/dist/ws/commons/axiom/1_1_1/axiom-1.1.1-bin.zip">zip</a>
                                <a href="http://archive.apache.org/dist/ws/commons/axiom/1_1_1/axiom-1.1.1-bin.zip.md5"
                                   class="externalLink"
                                   title="http://archive.apache.org/dist/ws/commons/axiom/1_1_1/axiom-1.1.1-bin.zip.md5">MD5</a>
                                <a href="http://archive.apache.org/dist/ws/commons/axiom/1_1_1/axiom-1.1.1-bin.zip.asc"
                                   class="externalLink"
                                   title="http://archive.apache.org/dist/ws/ws/commons/axiom/1_1_1/axiom-1.1.1-bin.zip.asc">
                                    PGP</a>

                                <br/>
                            </td>
                            <td>18 - 09 - 2006</td>
                            <td>1.1.1 Release (Archived)</td>
                        </tr>

                        <tr class="b">
                            <td align="center" valign="middle">
                                <a name="1_1"></a>
                                1.1
                            </td>
                            <td align="center">Release</td>
                            <td>Source Distribution
                                <a href="http://archive.apache.org/dist/ws/commons/axiom/1_1/axiom-1.1-src.zip"
                                   title="http://archive.apache.org/dist/ws/commons/axiom/1_1/axiom-1.1-src.zip">zip</a>

                                <a href="http://www.apache.org/dist/ws/commons/axiom/1_1/axiom-1.1-src.zip.md5"
                                   class="externalLink"
                                   title="http://www.apache.org/dist/ws/commons/axiom/1_1/axiom-1.1-src.zip.md5">MD5</a>
                                <a href="http://www.apache.org/dist/ws/commons/axiom/1_1/axiom-1.1-src.zip.asc"
                                   class="externalLink"
                                   title="http://www.apache.org/dist/ws/commons/axiom/1_1/axiom-1.1-src.zip.asc">PGP</a>
                                <br/>
                                Binary Distribution
                                <a href="http://archive.apache.org/dist/ws/commons/axiom/1_1/axiom-1.1-bin.zip"
                                   title="http://archive.apache.org/dist/ws/commons/axiom/1_1/axiom-1.1-bin.zip">zip</a>
                                <a href="http://www.apache.org/dist/ws/commons/axiom/1_1/axiom-1.1-bin.zip.md5"
                                   class="externalLink"
                                   title="http://www.apache.org/dist/ws/commons/axiom/1_1/axiom-1.1-bin.zip.md5">MD5</a>
                                <a href="http://www.apache.org/dist/ws/commons/axiom/1_1/axiom-1.1-bin.zip.asc"
                                   class="externalLink"
                                   title="http://www.apache.org/dist/ws/ws/commons/axiom/1_1/axiom-1.1-bin.zip.asc">
                                    PGP</a>

                                <br/>
                            </td>
                            <td>15 - 09 - 2006</td>
                            <td>1.1 Release (Archived)
                                <br/>
                                Note : This released was compiled using JDK 1.5 and will not work with JDK 1.4. Please
                                move to AXIOM 1.1.1.
                            </td>
                        </tr>


                        <tr class="b">
                            <td align="center" valign="middle">
                                <a name="1_0"></a>
                                1.0
                            </td>
                            <td align="center">Release</td>
                            <td>Source Distribution
                                <a href="http://archive.apache.org/dist/ws/commons/axiom/1_0/axiom-1.0-src.zip"
                                   title="http://archive.apache.org/dist/ws/commons/axiom/1_0/axiom-1.0-src.zip">zip</a>

                                <a href="http://archive.apache.org/dist/ws/commons/axiom/1_0/axiom-1.0-src.zip.md5"
                                   class="externalLink"
                                   title="http://archive.apache.org/dist/ws/commons/axiom/1_0/axiom-1.0-src.zip.md5">
                                    MD5</a>
                                <a href="http://www.apache.org/dist/ws/commons/axiom/1_0/axiom-1.0-src.zip.asc"
                                   class="externalLink"
                                   title="http://archive.apache.org/dist/ws/commons/axiom/1_0/axiom-1.0-src.zip.asc">
                                    PGP</a>
                                <br/>
                                Binary Distribution
                                <a href="http://archive.apache.org/dist/ws/commons/axiom/1_0/axiom-1.0-bin.zip"
                                   title="http://archive.apache.org/dist/ws/commons/axiom/1_0/axiom-0.95-bin.zip">
                                    zip</a>
                                <a href="http://archive.apache.org/dist/ws/commons/axiom/1_0/axiom-1.0-bin.zip.md5"
                                   class="externalLink"
                                   title="http://archive.apache.org/dist/ws/commons/axiom/1_0/axiom-1.0-bin.zip.md5">
                                    MD5</a>
                                <a href="http://archive.apache.org/dist/ws/commons/axiom/1_0/axiom-1.0-bin.zip.asc"
                                   class="externalLink"
                                   title="http://archive.apache.org/dist/ws/ws/commons/axiom/1_0/axiom-1.0-bin.zip.asc">
                                    PGP</a>

                                <br/>
                            </td>
                            <td>02 - 05 - 2006</td>
                            <td>1.0 Release (Archived)</td>
                        </tr>


                        <tr class="b">
                            <td align="center" valign="middle">
                                <a name="0_95"></a>
                                0.95
                            </td>
                            <td align="center">Release</td>
                            <td>Source Distribution
                                <a href="http://archive.apache.org/dist/ws/commons/axiom/0_95/axiom-0.95-src.zip"
                                   title="http://archive.apache.org/dist/ws/commons/axiom/0_95/axiom-0.95-src.zip">
                                    zip</a>

                                <a href="http://archive.apache.org/dist/ws/commons/axiom/0_95/axiom-0.95-src.zip.md5"
                                   class="externalLink"
                                   title="http://archive.apache.org/dist/ws/commons/axiom/0_95/axiom-0.95-src.zip.md5">
                                    MD5</a>
                                <a href="http://archive.apache.org/dist/ws/commons/axiom/0_95/axiom-0.95-src.zip.asc"
                                   class="externalLink"
                                   title="http://archive.apache.org/dist/ws/commons/axiom/0_95/axiom-0.95-src.zip.asc">
                                    PGP</a>
                                <br/>
                                Binary Distribution
                                <a href="[preferred]/ws/commons/axiom/0_95/axiom-0.95-bin.zip"
                                   title="[preferred]/ws/commons/axiom/0_95/axiom-0.95-bin.zip">zip</a>
                                <a href="http://archive.apache.org/dist/ws/commons/axiom/0_95/axiom-0.95-bin.zip.md5"
                                   class="externalLink"
                                   title="http://archive.apache.org/dist/ws/commons/axiom/0_95/axiom-0.95-bin.zip.md5">
                                    MD5</a>
                                <a href="http://archive.apache.org/dist/ws/commons/axiom/0_95/axiom-0.95-bin.zip.asc"
                                   class="externalLink"
                                   title="http://archive.apache.org/dist/ws/ws/commons/axiom/0_95/axiom-0.95-bin.zip.asc">
                                    PGP</a>

                                <br/>
                            </td>
                            <td>23 - 03 - 2006</td>
                            <td>0.95 Release (Archived)</td>
                        </tr>

                    </tbody>
                </table>
            </div>
            <div align="left">
                <p>[if-any logo]
                    <a href="[link]">
                        <img align="right" src="[logo]"
                             border="0"/>
                    </a>
                    [end] The currently selected mirror is
                    <b>[preferred]</b>
                    . If
                    you encounter a problem with this mirror, please select another mirror. If
                    all mirrors are failing, there are
                    <i>backup</i>
                    mirrors (at the end of the
                    mirrors list) that should be available.
                </p>

                <form action="[location]" method="get" id="SelectMirror">
                    Other mirrors:
                    <select name="Preferred">[if-any http][for http]
                        <option value="[http]"
                                selected="selected">[http]</option>
                        [end][end][if-any ftp][for ftp]
                        <option value="[ftp]">[ftp]</option>
                        [end][end][if-any backup][for backup]
                        <option value="[backup]">[backup] (backup)</option>
                        [end][end]
                    </select>

                    <input type="submit" value="Change"/>
                </form>

                <p>You may also consult the
                    <a href="http://www.apache.org/mirrors/">complete
                        list of mirrors</a>
                    .
                </p>

                <p>
                    <strong>Note:</strong>
                    when downloading from a mirror please check the
                    <a
                            href="http://www.apache.org/dev/release-signing#md5">md5sum</a>
                    and verify
                    the
                    <a href="http://www.apache.org/dev/release-signing#openpgp">OpenPGP</a>
                    compatible signature from the main Apache site. These can be downloaded by
                    following the links above. This
                    <a
                            href="http://www.apache.org/dist/ws/commons/axiom/KEYS">KEYS</a>
                    file contains the
                    public keys used for signing release. It is recommended that (when possible)
                    a
                    <a href="http://www.apache.org/dev/release-signing#web-of-trust">web of
                        trust</a>
                    is used to confirm the identity of these keys.
                </p>
            </div>

        </section>
    </body>
</document>
